casgem_id,lat,long,local_well_number,date,military_time_pst,no_measurement,questionable_measurement,reading_rp,reading_ws,rp_to_ws,rp_elevation,gs_elevation,wse,gs_to_ws,measurement_method,measurement_accuracy,collecting_coop_agency,voluntary_or_casgem_measurement,comments,extra_casgem_id,Imperial_06.21.2003-06.21.2013
326596N1158480W001,,3/23/2005,00:00,,,98.130,0.000,98.130,306.340,306.340,208.210,98.130,UNK - Unknown,Unknown,United States Geological Survey,Voluntary,,Imperial_06.21.2003-06.21.2013
326596N1158480W001,,3/26/2007,00:00,,,97.510,0.000,97.510,306.340,306.340,208.830,97.510,UNK - Unknown,Unknown,United States Geological Survey,Voluntary,,Imperial_06.21.2003-06.21.2013
326596N1158480W001,,10/24/2006,00:00,,,97.650,0.000,97.650,306.340,306.340,208.690,97.650,UNK - Unknown,Unknown,United States Geological Survey,Voluntary,,Imperial_06.21.2003-06.21.2013
326596N1158480W001,,3/22/2006,00:00,,,97.980,0.000,97.980,306.340,306.340,208.360,97.980,UNK - Unknown,Unknown,United States Geological Survey,Voluntary,,Imperial_06.21.2003-06.21.2013
326596N1158480W001,,3/27/2008,00:00,,,97.220,0.000,97.220,306.340,306.340,209.120,97.220,UNK - Unknown,Unknown,United States Geological Survey,Voluntary,,Imperial_06.21.2003-06.21.2013
326596N1158480W001,,10/25/2005,00:00,,,97.950,0.000,97.950,306.340,306.340,208.390,97.950,UNK - Unknown,Unknown,United States Geological Survey,Voluntary,,Imperial_06.21.2003-06.21.2013
326596N1158480W001,,10/30/2007,00:00,,,97.380,0.000,97.380,306.340,306.340,208.960,97.380,UNK - Unknown,Unknown,United States Geological Survey,Voluntary,,Imperial_06.21.2003-06.21.2013
326596N1158480W001,,10/28/2008,00:00,,,97.160,0.000,97.160,306.340,306.340,209.180,97.160,UNK - Unknown,Unknown,United States Geological Survey,Voluntary,,Imperial_06.21.2003-06.21.2013
326596N1158480W001,,3/30/2009,00:00,,,97.170,0.000,97.170,306.340,306.340,209.170,97.170,UNK - Unknown,Unknown,United States Geological Survey,Voluntary,,Imperial_06.21.2003-06.21.2013
326596N1158480W001,,10/15/2009,00:00,,,96.880,0.000,96.880,306.340,306.340,209.460,96.880,UNK - Unknown,Unknown,United States Geological Survey,Voluntary,,Imperial_06.21.2003-06.21.2013
326596N1158480W001,,3/24/2010,00:00,,,96.790,0.000,96.790,306.340,306.340,209.550,96.790,UNK - Unknown,Unknown,United States Geological Survey,Voluntary,,Imperial_06.21.2003-06.21.2013
326596N1158480W001,,10/27/2010,00:00,,,96.370,0.000,96.370,306.340,306.340,209.970,96.370,UNK - Unknown,Unknown,United States Geological Survey,Voluntary,,Imperial_06.21.2003-06.21.2013
326704N1158547W001,,10/25/2005,00:00,,,92.320,0.000,92.320,301.140,301.140,208.820,92.320,UNK - Unknown,Unknown,United States Geological Survey,Voluntary,,Imperial_06.21.2003-06.21.2013
326704N1158547W001,,10/30/2007,00:00,,,91.680,0.000,91.680,301.140,301.140,209.460,91.680,UNK - Unknown,Unknown,United States Geological Survey,Voluntary,,Imperial_06.21.2003-06.21.2013
326704N1158547W001,,3/27/2008,00:00,,,91.730,0.000,91.730,301.140,301.140,209.410,91.730,UNK - Unknown,Unknown,United States Geological Survey,Voluntary,,Imperial_06.21.2003-06.21.2013
326704N1158547W001,,3/26/2007,00:00,,,91.800,0.000,91.800,301.140,301.140,209.340,91.800,UNK - Unknown,Unknown,United States Geological Survey,Voluntary,,Imperial_06.21.2003-06.21.2013
326704N1158547W001,,10/24/2006,00:00,,,91.930,0.000,91.930,301.140,301.140,209.210,91.930,UNK - Unknown,Unknown,United States Geological Survey,Voluntary,,Imperial_06.21.2003-06.21.2013
326704N1158547W001,,3/22/2006,00:00,,,92.230,0.000,92.230,301.140,301.140,208.910,92.230,UNK - Unknown,Unknown,United States Geological Survey,Voluntary,,Imperial_06.21.2003-06.21.2013
326704N1158547W001,,3/23/2005,00:00,,,92.520,0.000,92.520,301.140,301.140,208.620,92.520,UNK - Unknown,Unknown,United States Geological Survey,Voluntary,,Imperial_06.21.2003-06.21.2013
326704N1158547W001,,10/28/2008,00:00,,,91.440,0.000,91.440,301.140,301.140,209.700,91.440,UNK - Unknown,Unknown,United States Geological Survey,Voluntary,,Imperial_06.21.2003-06.21.2013
326704N1158547W001,,3/30/2009,00:00,,,91.440,0.000,91.440,301.140,301.140,209.700,91.440,UNK - Unknown,Unknown,United States Geological Survey,Voluntary,,Imperial_06.21.2003-06.21.2013
326704N1158547W001,,10/15/2009,00:00,,,91.170,0.000,91.170,301.140,301.140,209.970,91.170,UNK - Unknown,Unknown,United States Geological Survey,Voluntary,,Imperial_06.21.2003-06.21.2013
326704N1158547W001,,3/23/2010,00:00,,,91.060,0.000,91.060,301.140,301.140,210.080,91.060,UNK - Unknown,Unknown,United States Geological Survey,Voluntary,,Imperial_06.21.2003-06.21.2013
326704N1158547W001,,10/27/2010,00:00,,,90.870,0.000,90.870,301.140,301.140,210.270,90.870,UNK - Unknown,Unknown,United States Geological Survey,Voluntary,,Imperial_06.21.2003-06.21.2013
326882N1159239W001,,3/20/2008,00:00,,,170.850,0.000,170.850,382.470,382.470,211.620,170.850,UNK - Unknown,Unknown,United States Geological Survey,Voluntary,,Imperial_06.21.2003-06.21.2013
326882N1159239W001,,10/30/2007,00:00,,,171.690,0.000,171.690,382.470,382.470,210.780,171.690,UNK - Unknown,Unknown,United States Geological Survey,Voluntary,,Imperial_06.21.2003-06.21.2013
326882N1159239W001,,10/24/2006,00:00,1 - Pumping,,,,,382.470,382.470,,,,,United States Geological Survey,Voluntary,,Imperial_06.21.2003-06.21.2013
326882N1159239W001,,3/30/2006,00:00,,,173.100,0.000,173.100,382.470,382.470,209.370,173.100,UNK - Unknown,Unknown,United States Geological Survey,Voluntary,,Imperial_06.21.2003-06.21.2013
326882N1159239W001,,10/25/2005,00:00,,,172.880,0.000,172.880,382.470,382.470,209.590,172.880,UNK - Unknown,Unknown,United States Geological Survey,Voluntary,,Imperial_06.21.2003-06.21.2013
326882N1159239W001,,3/30/2005,00:00,,,173.850,0.000,173.850,382.470,382.470,208.620,173.850,UNK - Unknown,Unknown,United States Geological Survey,Voluntary,,Imperial_06.21.2003-06.21.2013
326882N1159239W001,,10/28/2008,00:00,,,170.990,0.000,170.990,382.470,382.470,211.480,170.990,UNK - Unknown,Unknown,United States Geological Survey,Voluntary,,Imperial_06.21.2003-06.21.2013
326882N1159239W001,,3/25/2009,00:00,,,174.660,0.000,174.660,382.470,382.470,207.810,174.660,UNK - Unknown,Unknown,United States Geological Survey,Voluntary,,Imperial_06.21.2003-06.21.2013
326882N1159239W001,,4/22/2009,00:00,,,171.440,0.000,171.440,382.470,382.470,211.030,171.440,UNK - Unknown,Unknown,United States Geological Survey,Voluntary,,Imperial_06.21.2003-06.21.2013
326882N1159239W001,,10/15/2009,00:00,,,171.380,0.000,171.380,382.470,382.470,211.090,171.380,UNK - Unknown,Unknown,United States Geological Survey,Voluntary,,Imperial_06.21.2003-06.21.2013
326882N1159239W001,,6/1/2010,00:00,,,170.160,0.000,170.160,382.470,382.470,212.310,170.160,UNK - Unknown,Unknown,United States Geological Survey,Voluntary,,Imperial_06.21.2003-06.21.2013
326882N1159239W001,,10/27/2010,00:00,,,170.290,0.000,170.290,382.470,382.470,212.180,170.290,UNK - Unknown,Unknown,United States Geological Survey,Voluntary,,Imperial_06.21.2003-06.21.2013
326888N1159272W001,,3/22/2006,00:00,,,171.780,0.000,171.780,377.470,377.470,205.690,171.780,UNK - Unknown,Unknown,United States Geological Survey,Voluntary,,Imperial_06.21.2003-06.21.2013
326888N1159272W001,,3/20/2008,00:00,,,170.760,0.000,170.760,377.470,377.470,206.710,170.760,UNK - Unknown,Unknown,United States Geological Survey,Voluntary,,Imperial_06.21.2003-06.21.2013
326888N1159272W001,,10/25/2005,00:00,,,171.940,0.000,171.940,377.470,377.470,205.530,171.940,UNK - Unknown,Unknown,United States Geological Survey,Voluntary,,Imperial_06.21.2003-06.21.2013
326888N1159272W001,,10/24/2006,00:00,,,171.130,0.000,171.130,377.470,377.470,206.340,171.130,UNK - Unknown,Unknown,United States Geological Survey,Voluntary,,Imperial_06.21.2003-06.21.2013
326888N1159272W001,,3/26/2007,00:00,,,171.170,0.000,171.170,377.470,377.470,206.300,171.170,UNK - Unknown,Unknown,United States Geological Survey,Voluntary,,Imperial_06.21.2003-06.21.2013
326888N1159272W001,,10/30/2007,00:00,,,170.890,0.000,170.890,377.470,377.470,206.580,170.890,UNK - Unknown,Unknown,United States Geological Survey,Voluntary,,Imperial_06.21.2003-06.21.2013
326888N1159272W001,,3/23/2005,00:00,,2 - Nearby pump operating,172.130,0.000,172.130,377.470,377.470,205.340,172.130,UNK - Unknown,Unknown,United States Geological Survey,Voluntary,,Imperial_06.21.2003-06.21.2013
326888N1159272W001,,10/28/2008,00:00,,,170.500,0.000,170.500,377.470,377.470,206.970,170.500,UNK - Unknown,Unknown,United States Geological Survey,Voluntary,,Imperial_06.21.2003-06.21.2013
326888N1159272W001,,3/30/2009,00:00,,,170.260,0.000,170.260,377.470,377.470,207.210,170.260,UNK - Unknown,Unknown,United States Geological Survey,Voluntary,,Imperial_06.21.2003-06.21.2013
326888N1159272W001,,10/15/2009,00:00,,,169.920,0.000,169.920,377.470,377.470,207.550,169.920,UNK - Unknown,Unknown,United States Geological Survey,Voluntary,,Imperial_06.21.2003-06.21.2013
326888N1159272W001,,3/24/2010,00:00,,,169.640,0.000,169.640,377.470,377.470,207.830,169.640,UNK - Unknown,Unknown,United States Geological Survey,Voluntary,,Imperial_06.21.2003-06.21.2013
326888N1159272W001,,10/27/2010,00:00,,,169.780,0.000,169.780,377.470,377.470,207.690,169.780,UNK - Unknown,Unknown,United States Geological Survey,Voluntary,,Imperial_06.21.2003-06.21.2013
326899N1159264W001,,3/23/2005,00:00,1 - Pumping,,,,,377.470,377.470,,,,,United States Geological Survey,Voluntary,,Imperial_06.21.2003-06.21.2013
326899N1159264W001,,10/30/2007,00:00,4 - Can't get tape in casing,,,,,377.470,377.470,,,,,United States Geological Survey,Voluntary,,Imperial_06.21.2003-06.21.2013
326899N1159264W001,,3/26/2007,00:00,,,171.210,0.000,171.210,377.470,377.470,206.260,171.210,UNK - Unknown,Unknown,United States Geological Survey,Voluntary,,Imperial_06.21.2003-06.21.2013
326899N1159264W001,,10/24/2006,00:00,,,170.950,0.000,170.950,377.470,377.470,206.520,170.950,UNK - Unknown,Unknown,United States Geological Survey,Voluntary,,Imperial_06.21.2003-06.21.2013
326899N1159264W001,,3/22/2006,00:00,,,171.250,0.000,171.250,377.470,377.470,206.220,171.250,UNK - Unknown,Unknown,United States Geological Survey,Voluntary,,Imperial_06.21.2003-06.21.2013
326899N1159264W001,,10/25/2005,00:00,,,171.290,0.000,171.290,377.470,377.470,206.180,171.290,UNK - Unknown,Unknown,United States Geological Survey,Voluntary,,Imperial_06.21.2003-06.21.2013
326899N1159264W001,,3/27/2008,00:00,4 - Can't get tape in casing,,,,,377.470,377.470,,,,,United States Geological Survey,Voluntary,,Imperial_06.21.2003-06.21.2013
326899N1159264W001,,10/28/2008,00:00,1 - Pumping,,,,,377.470,377.470,,,,,United States Geological Survey,Voluntary,,Imperial_06.21.2003-06.21.2013
326899N1159264W001,,3/30/2009,00:00,4 - Can't get tape in casing,,,,,377.470,377.470,,,,,United States Geological Survey,Voluntary,,Imperial_06.21.2003-06.21.2013
326899N1159264W001,,10/15/2009,00:00,4 - Can't get tape in casing,,,,,377.470,377.470,,,,,United States Geological Survey,Voluntary,,Imperial_06.21.2003-06.21.2013
326899N1159264W001,,3/23/2010,00:00,,,168.910,0.000,168.910,377.470,377.470,208.560,168.910,UNK - Unknown,Unknown,United States Geological Survey,Voluntary,,Imperial_06.21.2003-06.21.2013
326899N1159264W001,,10/27/2010,00:00,,,168.770,0.000,168.770,377.470,377.470,208.700,168.770,UNK - Unknown,Unknown,United States Geological Survey,Voluntary,,Imperial_06.21.2003-06.21.2013
326941N1159264W001,,10/24/2006,00:00,,,159.990,0.000,159.990,378.460,378.460,218.470,159.990,UNK - Unknown,Unknown,United States Geological Survey,Voluntary,,Imperial_06.21.2003-06.21.2013
326941N1159264W001,,3/27/2008,00:00,,,159.350,0.000,159.350,378.460,378.460,219.110,159.350,UNK - Unknown,Unknown,United States Geological Survey,Voluntary,,Imperial_06.21.2003-06.21.2013
326941N1159264W001,,10/30/2007,00:00,,,159.540,0.000,159.540,378.460,378.460,218.920,159.540,UNK - Unknown,Unknown,United States Geological Survey,Voluntary,,Imperial_06.21.2003-06.21.2013
326941N1159264W001,,3/26/2007,00:00,,,159.700,0.000,159.700,378.460,378.460,218.760,159.700,UNK - Unknown,Unknown,United States Geological Survey,Voluntary,,Imperial_06.21.2003-06.21.2013
326941N1159264W001,,3/23/2005,00:00,,,160.440,0.000,160.440,378.460,378.460,218.020,160.440,UNK - Unknown,Unknown,United States Geological Survey,Voluntary,,Imperial_06.21.2003-06.21.2013
326941N1159264W001,,10/25/2005,00:00,,,160.280,0.000,160.280,378.460,378.460,218.180,160.280,UNK - Unknown,Unknown,United States Geological Survey,Voluntary,,Imperial_06.21.2003-06.21.2013
326941N1159264W001,,3/22/2006,00:00,,,160.100,0.000,160.100,378.460,378.460,218.360,160.100,UNK - Unknown,Unknown,United States Geological Survey,Voluntary,,Imperial_06.21.2003-06.21.2013
326941N1159264W001,,10/28/2008,00:00,,,159.210,0.000,159.210,378.460,378.460,219.250,159.210,UNK - Unknown,Unknown,United States Geological Survey,Voluntary,,Imperial_06.21.2003-06.21.2013
326941N1159264W001,,3/30/2009,00:00,,,158.990,0.000,158.990,378.460,378.460,219.470,158.990,UNK - Unknown,Unknown,United States Geological Survey,Voluntary,,Imperial_06.21.2003-06.21.2013
326941N1159264W001,,10/15/2009,00:00,,,158.610,0.000,158.610,378.460,378.460,219.850,158.610,UNK - Unknown,Unknown,United States Geological Survey,Voluntary,,Imperial_06.21.2003-06.21.2013
326941N1159264W001,,3/24/2010,00:00,,,158.390,0.000,158.390,378.460,378.460,220.070,158.390,UNK - Unknown,Unknown,United States Geological Survey,Voluntary,,Imperial_06.21.2003-06.21.2013
326941N1159264W001,,10/27/2010,00:00,,,158.250,0.000,158.250,378.460,378.460,220.210,158.250,UNK - Unknown,Unknown,United States Geological Survey,Voluntary,,Imperial_06.21.2003-06.21.2013
327143N1158744W001,,10/24/2006,00:00,,,27.800,0.000,27.800,197.440,197.440,169.640,27.800,UNK - Unknown,Unknown,United States Geological Survey,Voluntary,,Imperial_06.21.2003-06.21.2013
327143N1158744W001,,3/22/2006,00:00,,,26.730,0.000,26.730,197.440,197.440,170.710,26.730,UNK - Unknown,Unknown,United States Geological Survey,Voluntary,,Imperial_06.21.2003-06.21.2013
327143N1158744W001,,3/28/2007,00:00,,,28.450,0.000,28.450,197.440,197.440,168.990,28.450,UNK - Unknown,Unknown,United States Geological Survey,Voluntary,,Imperial_06.21.2003-06.21.2013
327143N1158744W001,,10/30/2007,00:00,,,29.270,0.000,29.270,197.440,197.440,168.170,29.270,UNK - Unknown,Unknown,United States Geological Survey,Voluntary,,Imperial_06.21.2003-06.21.2013
327143N1158744W001,,3/27/2008,00:00,,,29.760,0.000,29.760,197.440,197.440,167.680,29.760,UNK - Unknown,Unknown,United States Geological Survey,Voluntary,,Imperial_06.21.2003-06.21.2013
327143N1158744W001,,10/25/2005,00:00,,,25.990,0.000,25.990,197.440,197.440,171.450,25.990,UNK - Unknown,Unknown,United States Geological Survey,Voluntary,,Imperial_06.21.2003-06.21.2013
327143N1158744W001,,3/23/2005,00:00,,,28.570,0.000,28.570,197.440,197.440,168.870,28.570,UNK - Unknown,Unknown,United States Geological Survey,Voluntary,,Imperial_06.21.2003-06.21.2013
327143N1158744W001,,10/28/2008,00:00,,,30.450,0.000,30.450,197.440,197.440,166.990,30.450,UNK - Unknown,Unknown,United States Geological Survey,Voluntary,,Imperial_06.21.2003-06.21.2013
327143N1158744W001,,3/30/2009,00:00,,,30.880,0.000,30.880,197.440,197.440,166.560,30.880,UNK - Unknown,Unknown,United States Geological Survey,Voluntary,,Imperial_06.21.2003-06.21.2013
327143N1158744W001,,10/15/2009,00:00,,,31.420,0.000,31.420,197.440,197.440,166.020,31.420,UNK - Unknown,Unknown,United States Geological Survey,Voluntary,,Imperial_06.21.2003-06.21.2013
327143N1158744W001,,3/24/2010,00:00,,,31.850,0.000,31.850,197.440,197.440,165.590,31.850,UNK - Unknown,Unknown,United States Geological Survey,Voluntary,,Imperial_06.21.2003-06.21.2013
327143N1158744W001,,10/27/2010,00:00,,,32.450,0.000,32.450,197.440,197.440,164.990,32.450,UNK - Unknown,Unknown,United States Geological Survey,Voluntary,,Imperial_06.21.2003-06.21.2013
327144N1149343W001,,4/8/2010,00:00,,,72.500,0.000,72.500,173.900,173.900,101.400,72.500,UNK - Unknown,Unknown,United States Geological Survey,Voluntary,,Imperial_06.21.2003-06.21.2013
327144N1149343W001,,5/24/2010,00:00,,,73.220,0.000,73.220,173.900,173.900,100.680,73.220,UNK - Unknown,Unknown,United States Geological Survey,Voluntary,,Imperial_06.21.2003-06.21.2013
327144N1149343W001,,6/30/2010,00:00,,,73.670,0.000,73.670,173.900,173.900,100.230,73.670,UNK - Unknown,Unknown,United States Geological Survey,Voluntary,,Imperial_06.21.2003-06.21.2013
327144N1149343W001,,8/3/2010,00:00,,,74.020,0.000,74.020,173.900,173.900,99.880,74.020,UNK - Unknown,Unknown,United States Geological Survey,Voluntary,,Imperial_06.21.2003-06.21.2013
327144N1149343W001,,11/19/2010,00:00,,,76.480,0.000,76.480,173.900,173.900,97.420,76.480,UNK - Unknown,Unknown,United States Geological Survey,Voluntary,,Imperial_06.21.2003-06.21.2013
327144N1149343W002,,4/8/2010,00:00,D - Dry well,,,,,174.480,174.480,,,,,United States Geological Survey,Voluntary,,Imperial_06.21.2003-06.21.2013
327175N1147745W001,,6/18/2009,00:00,6 - Well has been destroyed,,,,,197.230,197.230,,,,,United States Geological Survey,Voluntary,,Imperial_06.21.2003-06.21.2013
327175N1147746W001,,6/18/2009,00:00,6 - Well has been destroyed,,,,,197.230,197.230,,,,,United States Geological Survey,Voluntary,,Imperial_06.21.2003-06.21.2013
327177N1148029W001,,6/17/2009,00:00,,,57.580,0.000,57.580,199.260,199.260,141.680,57.580,UNK - Unknown,Unknown,United States Geological Survey,Voluntary,,Imperial_06.21.2003-06.21.2013
327177N1148029W001,,11/10/2010,00:00,,,71.460,0.000,71.460,199.260,199.260,127.800,71.460,UNK - Unknown,Unknown,United States Geological Survey,Voluntary,,Imperial_06.21.2003-06.21.2013
327177N1148029W001,,11/19/2010,00:00,,,71.670,0.000,71.670,199.260,199.260,127.590,71.670,UNK - Unknown,Unknown,United States Geological Survey,Voluntary,,Imperial_06.21.2003-06.21.2013
327200N1147425W002,,7/29/2009,00:00,D - Dry well,,,,,208.290,208.290,,,,,United States Geological Survey,Voluntary,,Imperial_06.21.2003-06.21.2013
327235N1147711W001,,6/10/2008,00:00,,,62.660,0.000,62.660,208.320,208.320,145.660,62.660,UNK - Unknown,Unknown,Bureau of Reclamation,Voluntary,,Imperial_06.21.2003-06.21.2013
327235N1147711W001,,12/16/2008,00:00,,,56.210,0.000,56.210,208.320,208.320,152.110,56.210,UNK - Unknown,Unknown,Bureau of Reclamation,Voluntary,,Imperial_06.21.2003-06.21.2013
327235N1147711W001,,6/8/2009,00:00,,,65.370,0.000,65.370,208.320,208.320,142.950,65.370,UNK - Unknown,Unknown,Bureau of Reclamation,Voluntary,,Imperial_06.21.2003-06.21.2013
327235N1147711W001,,7/29/2009,00:00,,,67.140,0.000,67.140,208.320,208.320,141.180,67.140,UNK - Unknown,Unknown,United States Geological Survey,Voluntary,,Imperial_06.21.2003-06.21.2013
327235N1147711W001,,7/29/2009,00:00,,,67.160,0.000,67.160,208.320,208.320,141.160,67.160,UNK - Unknown,Unknown,United States Geological Survey,Voluntary,,Imperial_06.21.2003-06.21.2013
327235N1147711W001,,7/30/2009,00:00,,,67.210,0.000,67.210,208.320,208.320,141.110,67.210,UNK - Unknown,Unknown,United States Geological Survey,Voluntary,,Imperial_06.21.2003-06.21.2013
327235N1147711W001,,9/25/2009,00:00,,,68.710,0.000,68.710,208.320,208.320,139.610,68.710,UNK - Unknown,Unknown,United States Geological Survey,Voluntary,,Imperial_06.21.2003-06.21.2013
327235N1147711W001,,10/21/2009,00:00,,,69.370,0.000,69.370,208.320,208.320,138.950,69.370,UNK - Unknown,Unknown,United States Geological Survey,Voluntary,,Imperial_06.21.2003-06.21.2013
327235N1147711W001,,11/4/2009,00:00,,,69.720,0.000,69.720,208.320,208.320,138.600,69.720,UNK - Unknown,Unknown,United States Geological Survey,Voluntary,,Imperial_06.21.2003-06.21.2013
327235N1147711W001,,12/11/2009,00:00,,,70.670,0.000,70.670,208.320,208.320,137.650,70.670,UNK - Unknown,Unknown,United States Geological Survey,Voluntary,,Imperial_06.21.2003-06.21.2013
327235N1147711W001,,1/26/2010,00:00,,,71.710,0.000,71.710,208.320,208.320,136.610,71.710,UNK - Unknown,Unknown,United States Geological Survey,Voluntary,,Imperial_06.21.2003-06.21.2013
327235N1147711W001,,3/17/2010,00:00,,,72.720,0.000,72.720,208.320,208.320,135.600,72.720,UNK - Unknown,Unknown,United States Geological Survey,Voluntary,,Imperial_06.21.2003-06.21.2013
327235N1147711W001,,3/30/2010,00:00,,,72.940,0.000,72.940,208.320,208.320,135.380,72.940,UNK - Unknown,Unknown,United States Geological Survey,Voluntary,,Imperial_06.21.2003-06.21.2013
327235N1147711W001,,4/8/2010,00:00,,,73.090,0.000,73.090,208.320,208.320,135.230,73.090,UNK - Unknown,Unknown,United States Geological Survey,Voluntary,,Imperial_06.21.2003-06.21.2013
327235N1147711W001,,5/25/2010,00:00,,,73.930,0.000,73.930,208.320,208.320,134.390,73.930,UNK - Unknown,Unknown,United States Geological Survey,Voluntary,,Imperial_06.21.2003-06.21.2013
327235N1147711W001,,6/30/2010,00:00,,,74.370,0.000,74.370,208.320,208.320,133.950,74.370,UNK - Unknown,Unknown,United States Geological Survey,Voluntary,,Imperial_06.21.2003-06.21.2013
327235N1147711W001,,8/3/2010,00:00,,,74.790,0.000,74.790,208.320,208.320,133.530,74.790,UNK - Unknown,Unknown,United States Geological Survey,Voluntary,,Imperial_06.21.2003-06.21.2013
327235N1147711W001,,11/17/2010,00:00,,,75.990,0.000,75.990,208.320,208.320,132.330,75.990,UNK - Unknown,Unknown,United States Geological Survey,Voluntary,,Imperial_06.21.2003-06.21.2013
327285N1159636W001,,10/30/2007,00:00,,,44.020,0.000,44.020,287.440,287.440,243.420,44.020,UNK - Unknown,Unknown,United States Geological Survey,Voluntary,,Imperial_06.21.2003-06.21.2013
327285N1159636W001,,10/24/2006,00:00,,,43.850,0.000,43.850,287.440,287.440,243.590,43.850,UNK - Unknown,Unknown,United States Geological Survey,Voluntary,,Imperial_06.21.2003-06.21.2013
327285N1159636W001,,3/22/2006,00:00,,,43.540,0.000,43.540,287.440,287.440,243.900,43.540,UNK - Unknown,Unknown,United States Geological Survey,Voluntary,,Imperial_06.21.2003-06.21.2013
327285N1159636W001,,10/25/2005,00:00,,,43.700,0.000,43.700,287.440,287.440,243.740,43.700,UNK - Unknown,Unknown,United States Geological Survey,Voluntary,,Imperial_06.21.2003-06.21.2013
327285N1159636W001,,3/23/2005,00:00,,,43.190,0.000,43.190,287.440,287.440,244.250,43.190,UNK - Unknown,Unknown,United States Geological Survey,Voluntary,,Imperial_06.21.2003-06.21.2013
327285N1159636W001,,3/26/2007,00:00,,,43.740,0.000,43.740,287.440,287.440,243.700,43.740,UNK - Unknown,Unknown,United States Geological Survey,Voluntary,,Imperial_06.21.2003-06.21.2013
327285N1159636W001,,3/20/2008,00:00,,,43.790,0.000,43.790,287.440,287.440,243.650,43.790,UNK - Unknown,Unknown,United States Geological Survey,Voluntary,,Imperial_06.21.2003-06.21.2013
327285N1159636W001,,10/28/2008,00:00,,,44.270,0.000,44.270,287.440,287.440,243.170,44.270,UNK - Unknown,Unknown,United States Geological Survey,Voluntary,,Imperial_06.21.2003-06.21.2013
327285N1159636W001,,3/30/2009,00:00,,,43.910,0.000,43.910,287.440,287.440,243.530,43.910,UNK - Unknown,Unknown,United States Geological Survey,Voluntary,,Imperial_06.21.2003-06.21.2013
327285N1159636W001,,10/15/2009,00:00,,,44.280,0.000,44.280,287.440,287.440,243.160,44.280,UNK - Unknown,Unknown,United States Geological Survey,Voluntary,,Imperial_06.21.2003-06.21.2013
327285N1159636W001,,3/24/2010,00:00,,,43.990,0.000,43.990,287.440,287.440,243.450,43.990,UNK - Unknown,Unknown,United States Geological Survey,Voluntary,,Imperial_06.21.2003-06.21.2013
327285N1159636W001,,10/27/2010,00:00,,,44.530,0.000,44.530,287.440,287.440,242.910,44.530,UNK - Unknown,Unknown,United States Geological Survey,Voluntary,,Imperial_06.21.2003-06.21.2013
327288N1160169W001,,10/25/2005,00:00,,,316.230,0.000,316.230,602.470,602.470,286.240,316.230,UNK - Unknown,Unknown,United States Geological Survey,Voluntary,,Imperial_06.21.2003-06.21.2013
327288N1160169W001,,3/22/2006,00:00,,,316.420,0.000,316.420,602.470,602.470,286.050,316.420,UNK - Unknown,Unknown,United States Geological Survey,Voluntary,,Imperial_06.21.2003-06.21.2013
327288N1160169W001,,10/24/2006,00:00,,,316.280,0.000,316.280,602.470,602.470,286.190,316.280,UNK - Unknown,Unknown,United States Geological Survey,Voluntary,,Imperial_06.21.2003-06.21.2013
327288N1160169W001,,3/26/2007,00:00,,,316.180,0.000,316.180,602.470,602.470,286.290,316.180,UNK - Unknown,Unknown,United States Geological Survey,Voluntary,,Imperial_06.21.2003-06.21.2013
327288N1160169W001,,10/30/2007,00:00,,,316.410,0.000,316.410,602.470,602.470,286.060,316.410,UNK - Unknown,Unknown,United States Geological Survey,Voluntary,,Imperial_06.21.2003-06.21.2013
327288N1160169W001,,3/23/2005,00:00,,,315.920,0.000,315.920,602.470,602.470,286.550,315.920,UNK - Unknown,Unknown,United States Geological Survey,Voluntary,,Imperial_06.21.2003-06.21.2013
327288N1160169W001,,10/28/2008,00:00,4 - Can't get tape in casing,,,,,602.470,602.470,,,,,United States Geological Survey,Voluntary,,Imperial_06.21.2003-06.21.2013
327288N1160169W001,,3/30/2009,00:00,4 - Can't get tape in casing,,,,,602.470,602.470,,,,,United States Geological Survey,Voluntary,,Imperial_06.21.2003-06.21.2013
327293N1160183W001,,10/30/2007,00:00,,,325.340,0.000,325.340,612.470,612.470,287.130,325.340,UNK - Unknown,Unknown,United States Geological Survey,Voluntary,,Imperial_06.21.2003-06.21.2013
327293N1160183W001,,3/26/2007,00:00,,,324.420,0.000,324.420,612.470,612.470,288.050,324.420,UNK - Unknown,Unknown,United States Geological Survey,Voluntary,,Imperial_06.21.2003-06.21.2013
327293N1160183W001,,10/24/2006,00:00,,,324.500,0.000,324.500,612.470,612.470,287.970,324.500,UNK - Unknown,Unknown,United States Geological Survey,Voluntary,,Imperial_06.21.2003-06.21.2013
327293N1160183W001,,3/27/2008,00:00,,,325.020,0.000,325.020,612.470,612.470,287.450,325.020,UNK - Unknown,Unknown,United States Geological Survey,Voluntary,,Imperial_06.21.2003-06.21.2013
327293N1160183W001,,10/28/2008,00:00,,,322.430,0.000,322.430,612.470,612.470,290.040,322.430,UNK - Unknown,Unknown,United States Geological Survey,Voluntary,,Imperial_06.21.2003-06.21.2013
327293N1160183W001,,3/30/2009,00:00,4 - Can't get tape in casing,,,,,612.470,612.470,,,,,United States Geological Survey,Voluntary,,Imperial_06.21.2003-06.21.2013
327293N1160183W001,,3/24/2010,00:00,,,324.850,0.000,324.850,612.470,612.470,287.620,324.850,UNK - Unknown,Unknown,United States Geological Survey,Voluntary,,Imperial_06.21.2003-06.21.2013
327293N1160183W001,,10/27/2010,00:00,,,321.290,0.000,321.290,612.470,612.470,291.180,321.290,UNK - Unknown,Unknown,United States Geological Survey,Voluntary,,Imperial_06.21.2003-06.21.2013
327354N1159875W001,,10/25/2005,00:00,,,90.920,0.000,90.920,344.450,344.450,253.530,90.920,UNK - Unknown,Unknown,United States Geological Survey,Voluntary,,Imperial_06.21.2003-06.21.2013
327354N1159875W001,,3/20/2008,00:00,,,89.290,0.000,89.290,344.450,344.450,255.160,89.290,UNK - Unknown,Unknown,United States Geological Survey,Voluntary,,Imperial_06.21.2003-06.21.2013
327354N1159875W001,,3/28/2007,00:00,,,90.030,0.000,90.030,344.450,344.450,254.420,90.030,UNK - Unknown,Unknown,United States Geological Survey,Voluntary,,Imperial_06.21.2003-06.21.2013
327354N1159875W001,,10/30/2007,00:00,,,91.500,0.000,91.500,344.450,344.450,252.950,91.500,UNK - Unknown,Unknown,United States Geological Survey,Voluntary,,Imperial_06.21.2003-06.21.2013
327354N1159875W001,,10/24/2006,00:00,,,90.720,0.000,90.720,344.450,344.450,253.730,90.720,UNK - Unknown,Unknown,United States Geological Survey,Voluntary,,Imperial_06.21.2003-06.21.2013
327354N1159875W001,,3/24/2005,00:00,,,96.840,0.000,96.840,344.450,344.450,247.610,96.840,UNK - Unknown,Unknown,United States Geological Survey,Voluntary,,Imperial_06.21.2003-06.21.2013
327354N1159875W001,,3/23/2006,00:00,,,91.060,0.000,91.060,344.450,344.450,253.390,91.060,UNK - Unknown,Unknown,United States Geological Survey,Voluntary,,Imperial_06.21.2003-06.21.2013
327354N1159875W001,,10/28/2008,00:00,,,88.670,0.000,88.670,344.450,344.450,255.780,88.670,UNK - Unknown,Unknown,United States Geological Survey,Voluntary,,Imperial_06.21.2003-06.21.2013
327354N1159875W001,,3/24/2009,00:00,,,87.140,0.000,87.140,344.450,344.450,257.310,87.140,UNK - Unknown,Unknown,United States Geological Survey,Voluntary,,Imperial_06.21.2003-06.21.2013
327354N1159875W001,,10/15/2009,00:00,,,85.310,0.000,85.310,344.450,344.450,259.140,85.310,UNK - Unknown,Unknown,United States Geological Survey,Voluntary,,Imperial_06.21.2003-06.21.2013
327354N1159875W001,,3/30/2010,00:00,,,84.150,0.000,84.150,344.450,344.450,260.300,84.150,UNK - Unknown,Unknown,United States Geological Survey,Voluntary,,Imperial_06.21.2003-06.21.2013
327354N1159875W001,,10/27/2010,00:00,,,84.050,0.000,84.050,344.450,344.450,260.400,84.050,UNK - Unknown,Unknown,United States Geological Survey,Voluntary,,Imperial_06.21.2003-06.21.2013
327378N1146388W001,,3/27/2008,00:00,,,14.240,0.000,14.240,129.120,129.120,114.880,14.240,UNK - Unknown,Unknown,United States Geological Survey,Voluntary,,Imperial_06.21.2003-06.21.2013
327378N1146388W001,,10/29/2008,00:00,,,13.910,0.000,13.910,129.120,129.120,115.210,13.910,UNK - Unknown,Unknown,United States Geological Survey,Voluntary,,Imperial_06.21.2003-06.21.2013
327378N1146388W001,,3/31/2009,00:00,,,13.680,0.000,13.680,129.120,129.120,115.440,13.680,UNK - Unknown,Unknown,United States Geological Survey,Voluntary,,Imperial_06.21.2003-06.21.2013
327378N1146388W001,,10/16/2009,00:00,,,14.470,0.000,14.470,129.120,129.120,114.650,14.470,UNK - Unknown,Unknown,United States Geological Survey,Voluntary,,Imperial_06.21.2003-06.21.2013
327378N1146388W001,,3/24/2010,00:00,,,13.900,0.000,13.900,129.120,129.120,115.220,13.900,UNK - Unknown,Unknown,United States Geological Survey,Voluntary,,Imperial_06.21.2003-06.21.2013
327378N1146388W001,,10/28/2010,00:00,,,13.510,0.000,13.510,129.120,129.120,115.610,13.510,UNK - Unknown,Unknown,United States Geological Survey,Voluntary,,Imperial_06.21.2003-06.21.2013
327382N1149821W001,,7/28/2009,00:00,,,53.860,0.000,53.860,155.940,155.940,102.080,53.860,UNK - Unknown,Unknown,United States Geological Survey,Voluntary,,Imperial_06.21.2003-06.21.2013
327382N1149821W001,,9/18/2009,00:00,,,54.800,0.000,54.800,155.940,155.940,101.140,54.800,UNK - Unknown,Unknown,United States Geological Survey,Voluntary,,Imperial_06.21.2003-06.21.2013
327382N1149821W001,,9/25/2009,00:00,,,54.410,0.000,54.410,155.940,155.940,101.530,54.410,UNK - Unknown,Unknown,United States Geological Survey,Voluntary,,Imperial_06.21.2003-06.21.2013
327382N1149821W001,,11/4/2009,00:00,,,54.810,0.000,54.810,155.940,155.940,101.130,54.810,UNK - Unknown,Unknown,United States Geological Survey,Voluntary,,Imperial_06.21.2003-06.21.2013
327382N1149821W001,,12/8/2009,00:00,,,55.140,0.000,55.140,155.940,155.940,100.800,55.140,UNK - Unknown,Unknown,United States Geological Survey,Voluntary,,Imperial_06.21.2003-06.21.2013
327382N1149821W001,,12/8/2009,00:00,,,55.150,0.000,55.150,155.940,155.940,100.790,55.150,UNK - Unknown,Unknown,United States Geological Survey,Voluntary,,Imperial_06.21.2003-06.21.2013
327382N1149821W001,,1/27/2010,00:00,,,55.560,0.000,55.560,155.940,155.940,100.380,55.560,UNK - Unknown,Unknown,United States Geological Survey,Voluntary,,Imperial_06.21.2003-06.21.2013
327382N1149821W001,,3/17/2010,00:00,,,56.090,0.000,56.090,155.940,155.940,99.850,56.090,UNK - Unknown,Unknown,United States Geological Survey,Voluntary,,Imperial_06.21.2003-06.21.2013
327382N1149821W001,,4/8/2010,00:00,,,56.320,0.000,56.320,155.940,155.940,99.620,56.320,UNK - Unknown,Unknown,United States Geological Survey,Voluntary,,Imperial_06.21.2003-06.21.2013
327382N1149821W001,,4/20/2010,00:00,,,56.480,0.000,56.480,155.940,155.940,99.460,56.480,UNK - Unknown,Unknown,United States Geological Survey,Voluntary,,Imperial_06.21.2003-06.21.2013
327382N1149821W001,,5/24/2010,00:00,,,56.710,0.000,56.710,155.940,155.940,99.230,56.710,UNK - Unknown,Unknown,United States Geological Survey,Voluntary,,Imperial_06.21.2003-06.21.2013
327382N1149821W001,,6/29/2010,00:00,,,57.240,0.000,57.240,155.940,155.940,98.700,57.240,UNK - Unknown,Unknown,United States Geological Survey,Voluntary,,Imperial_06.21.2003-06.21.2013
327382N1149821W001,,8/3/2010,00:00,,,57.610,0.000,57.610,155.940,155.940,98.330,57.610,UNK - Unknown,Unknown,United States Geological Survey,Voluntary,,Imperial_06.21.2003-06.21.2013
327382N1149821W001,,11/18/2010,00:00,,,58.510,0.000,58.510,155.940,155.940,97.430,58.510,UNK - Unknown,Unknown,United States Geological Survey,Voluntary,,Imperial_06.21.2003-06.21.2013
327382N1159750W001,,3/26/2007,00:00,,,48.980,0.000,48.980,299.440,299.440,250.460,48.980,UNK - Unknown,Unknown,United States Geological Survey,Voluntary,,Imperial_06.21.2003-06.21.2013
327382N1159750W001,,3/23/2005,00:00,,,48.400,0.000,48.400,299.440,299.440,251.040,48.400,UNK - Unknown,Unknown,United States Geological Survey,Voluntary,,Imperial_06.21.2003-06.21.2013
327382N1159750W001,,10/25/2005,00:00,,,48.780,0.000,48.780,299.440,299.440,250.660,48.780,UNK - Unknown,Unknown,United States Geological Survey,Voluntary,,Imperial_06.21.2003-06.21.2013
327382N1159750W001,,3/22/2006,00:00,,,48.900,0.000,48.900,299.440,299.440,250.540,48.900,UNK - Unknown,Unknown,United States Geological Survey,Voluntary,,Imperial_06.21.2003-06.21.2013
327382N1159750W001,,3/20/2008,00:00,,,49.440,0.000,49.440,299.440,299.440,250.000,49.440,UNK - Unknown,Unknown,United States Geological Survey,Voluntary,,Imperial_06.21.2003-06.21.2013
327382N1159750W001,,10/30/2007,00:00,,,49.400,0.000,49.400,299.440,299.440,250.040,49.400,UNK - Unknown,Unknown,United States Geological Survey,Voluntary,,Imperial_06.21.2003-06.21.2013
327382N1159750W001,,10/24/2006,00:00,,,48.980,0.000,48.980,299.440,299.440,250.460,48.980,UNK - Unknown,Unknown,United States Geological Survey,Voluntary,,Imperial_06.21.2003-06.21.2013
327382N1159750W001,,10/28/2008,00:00,,,49.460,0.000,49.460,299.440,299.440,249.980,49.460,UNK - Unknown,Unknown,United States Geological Survey,Voluntary,,Imperial_06.21.2003-06.21.2013
327382N1159750W001,,3/30/2009,00:00,,,49.260,0.000,49.260,299.440,299.440,250.180,49.260,UNK - Unknown,Unknown,United States Geological Survey,Voluntary,,Imperial_06.21.2003-06.21.2013
327382N1159750W001,,10/15/2009,00:00,,,49.150,0.000,49.150,299.440,299.440,250.290,49.150,UNK - Unknown,Unknown,United States Geological Survey,Voluntary,,Imperial_06.21.2003-06.21.2013
327382N1159750W001,,3/24/2010,00:00,,,48.910,0.000,48.910,299.440,299.440,250.530,48.910,UNK - Unknown,Unknown,United States Geological Survey,Voluntary,,Imperial_06.21.2003-06.21.2013
327382N1159750W001,,10/27/2010,00:00,,,48.840,0.000,48.840,299.440,299.440,250.600,48.840,UNK - Unknown,Unknown,United States Geological Survey,Voluntary,,Imperial_06.21.2003-06.21.2013
327396N1160025W001,,3/20/2008,00:00,,,165.240,0.000,165.240,437.450,437.450,272.210,165.240,UNK - Unknown,Unknown,United States Geological Survey,Voluntary,,Imperial_06.21.2003-06.21.2013
327396N1160025W001,,10/30/2007,00:00,,,165.310,0.000,165.310,437.450,437.450,272.140,165.310,UNK - Unknown,Unknown,United States Geological Survey,Voluntary,,Imperial_06.21.2003-06.21.2013
327396N1160025W001,,10/25/2005,00:00,,,164.820,0.000,164.820,437.450,437.450,272.630,164.820,UNK - Unknown,Unknown,United States Geological Survey,Voluntary,,Imperial_06.21.2003-06.21.2013
327396N1160025W001,,3/26/2007,00:00,,,165.040,0.000,165.040,437.450,437.450,272.410,165.040,UNK - Unknown,Unknown,United States Geological Survey,Voluntary,,Imperial_06.21.2003-06.21.2013
327396N1160025W001,,3/23/2005,00:00,,,164.610,0.000,164.610,437.450,437.450,272.840,164.610,UNK - Unknown,Unknown,United States Geological Survey,Voluntary,,Imperial_06.21.2003-06.21.2013
327396N1160025W001,,10/24/2006,00:00,,,165.020,0.000,165.020,437.450,437.450,272.430,165.020,UNK - Unknown,Unknown,United States Geological Survey,Voluntary,,Imperial_06.21.2003-06.21.2013
327396N1160025W001,,3/22/2006,00:00,,,164.920,0.000,164.920,437.450,437.450,272.530,164.920,UNK - Unknown,Unknown,United States Geological Survey,Voluntary,,Imperial_06.21.2003-06.21.2013
327396N1160025W001,,10/28/2008,00:00,,,165.280,0.000,165.280,437.450,437.450,272.170,165.280,UNK - Unknown,Unknown,United States Geological Survey,Voluntary,,Imperial_06.21.2003-06.21.2013
327396N1160025W001,,3/30/2009,00:00,,,165.070,0.000,165.070,437.450,437.450,272.380,165.070,UNK - Unknown,Unknown,United States Geological Survey,Voluntary,,Imperial_06.21.2003-06.21.2013
327396N1160025W001,,10/15/2009,00:00,,,164.810,0.000,164.810,437.450,437.450,272.640,164.810,UNK - Unknown,Unknown,United States Geological Survey,Voluntary,,Imperial_06.21.2003-06.21.2013
327396N1160025W001,,3/24/2010,00:00,,,164.590,0.000,164.590,437.450,437.450,272.860,164.590,UNK - Unknown,Unknown,United States Geological Survey,Voluntary,,Imperial_06.21.2003-06.21.2013
327396N1160025W001,,10/27/2010,00:00,,,164.360,0.000,164.360,437.450,437.450,273.090,164.360,UNK - Unknown,Unknown,United States Geological Survey,Voluntary,,Imperial_06.21.2003-06.21.2013
327402N1160247W001,,10/30/2007,00:00,,,326.410,0.000,326.410,582.470,582.470,256.060,326.410,UNK - Unknown,Unknown,United States Geological Survey,Voluntary,,Imperial_06.21.2003-06.21.2013
327402N1160247W001,,3/20/2008,00:00,,,326.460,0.000,326.460,582.470,582.470,256.010,326.460,UNK - Unknown,Unknown,United States Geological Survey,Voluntary,,Imperial_06.21.2003-06.21.2013
327402N1160247W001,,3/30/2006,00:00,,,325.930,0.000,325.930,582.470,582.470,256.540,325.930,UNK - Unknown,Unknown,United States Geological Survey,Voluntary,,Imperial_06.21.2003-06.21.2013
327402N1160247W001,,3/26/2007,00:00,,,325.770,0.000,325.770,582.470,582.470,256.700,325.770,UNK - Unknown,Unknown,United States Geological Survey,Voluntary,,Imperial_06.21.2003-06.21.2013
327402N1160247W001,,10/24/2006,00:00,,,325.640,0.000,325.640,582.470,582.470,256.830,325.640,UNK - Unknown,Unknown,United States Geological Survey,Voluntary,,Imperial_06.21.2003-06.21.2013
327402N1160247W001,,10/25/2005,00:00,,,325.900,0.000,325.900,582.470,582.470,256.570,325.900,UNK - Unknown,Unknown,United States Geological Survey,Voluntary,,Imperial_06.21.2003-06.21.2013
327402N1160247W001,,10/28/2008,00:00,,,326.640,0.000,326.640,582.470,582.470,255.830,326.640,UNK - Unknown,Unknown,United States Geological Survey,Voluntary,,Imperial_06.21.2003-06.21.2013
327402N1160247W001,,3/23/2009,00:00,,,326.600,0.000,326.600,582.470,582.470,255.870,326.600,UNK - Unknown,Unknown,United States Geological Survey,Voluntary,,Imperial_06.21.2003-06.21.2013
327402N1160247W001,,10/15/2009,00:00,,,326.790,0.000,326.790,582.470,582.470,255.680,326.790,UNK - Unknown,Unknown,United States Geological Survey,Voluntary,,Imperial_06.21.2003-06.21.2013
327402N1160247W001,,3/29/2010,00:00,4 - Can't get tape in casing,,,,,582.470,582.470,,,,,United States Geological Survey,Voluntary,,Imperial_06.21.2003-06.21.2013
327402N1160247W001,,6/1/2010,00:00,,,326.810,0.000,326.810,582.470,582.470,255.660,326.810,UNK - Unknown,Unknown,United States Geological Survey,Voluntary,,Imperial_06.21.2003-06.21.2013
327402N1160247W001,,10/27/2010,00:00,4 - Can't get tape in casing,,,,,582.470,582.470,,,,,United States Geological Survey,Voluntary,,Imperial_06.21.2003-06.21.2013
327418N1159336W001,,3/26/2007,00:00,,,98.350,0.000,98.350,302.430,302.430,204.080,98.350,UNK - Unknown,Unknown,United States Geological Survey,Voluntary,,Imperial_06.21.2003-06.21.2013
327418N1159336W001,,3/23/2005,00:00,,,98.350,0.000,98.350,302.430,302.430,204.080,98.350,UNK - Unknown,Unknown,United States Geological Survey,Voluntary,,Imperial_06.21.2003-06.21.2013
327418N1159336W001,,10/25/2005,00:00,,,98.370,0.000,98.370,302.430,302.430,204.060,98.370,UNK - Unknown,Unknown,United States Geological Survey,Voluntary,,Imperial_06.21.2003-06.21.2013
327418N1159336W001,,10/24/2006,00:00,,,98.380,0.000,98.380,302.430,302.430,204.050,98.380,UNK - Unknown,Unknown,United States Geological Survey,Voluntary,,Imperial_06.21.2003-06.21.2013
327418N1159336W001,,10/30/2007,00:00,,,98.380,0.000,98.380,302.430,302.430,204.050,98.380,UNK - Unknown,Unknown,United States Geological Survey,Voluntary,,Imperial_06.21.2003-06.21.2013
327418N1159336W001,,3/27/2008,00:00,,,98.370,0.000,98.370,302.430,302.430,204.060,98.370,UNK - Unknown,Unknown,United States Geological Survey,Voluntary,,Imperial_06.21.2003-06.21.2013
327418N1159336W001,,3/22/2006,00:00,,,98.400,0.000,98.400,302.430,302.430,204.030,98.400,UNK - Unknown,Unknown,United States Geological Survey,Voluntary,,Imperial_06.21.2003-06.21.2013
327418N1159336W001,,10/28/2008,00:00,,,98.280,0.000,98.280,302.430,302.430,204.150,98.280,UNK - Unknown,Unknown,United States Geological Survey,Voluntary,,Imperial_06.21.2003-06.21.2013
327418N1159336W001,,3/30/2009,00:00,,,98.200,0.000,98.200,302.430,302.430,204.230,98.200,UNK - Unknown,Unknown,United States Geological Survey,Voluntary,,Imperial_06.21.2003-06.21.2013
327418N1159336W001,,10/15/2009,00:00,,,98.040,0.000,98.040,302.430,302.430,204.390,98.040,UNK - Unknown,Unknown,United States Geological Survey,Voluntary,,Imperial_06.21.2003-06.21.2013
327418N1159336W001,,3/24/2010,00:00,,,98.320,0.000,98.320,302.430,302.430,204.110,98.320,UNK - Unknown,Unknown,United States Geological Survey,Voluntary,,Imperial_06.21.2003-06.21.2013
327418N1159336W001,,10/27/2010,00:00,,,98.330,0.000,98.330,302.430,302.430,204.100,98.330,UNK - Unknown,Unknown,United States Geological Survey,Voluntary,,Imperial_06.21.2003-06.21.2013
327488N1160122W001,,10/30/2007,00:00,,,196.860,0.000,196.860,432.450,432.450,235.590,196.860,UNK - Unknown,Unknown,United States Geological Survey,Voluntary,,Imperial_06.21.2003-06.21.2013
327488N1160122W001,,10/25/2005,00:00,,4 - Pumped recently,197.430,0.000,197.430,432.450,432.450,235.020,197.430,UNK - Unknown,Unknown,United States Geological Survey,Voluntary,,Imperial_06.21.2003-06.21.2013
327488N1160122W001,,3/23/2005,00:00,,,196.130,0.000,196.130,432.450,432.450,236.320,196.130,UNK - Unknown,Unknown,United States Geological Survey,Voluntary,,Imperial_06.21.2003-06.21.2013
327488N1160122W001,,3/27/2008,00:00,,,196.890,0.000,196.890,432.450,432.450,235.560,196.890,UNK - Unknown,Unknown,United States Geological Survey,Voluntary,,Imperial_06.21.2003-06.21.2013
327488N1160122W001,,3/26/2007,00:00,,,196.600,0.000,196.600,432.450,432.450,235.850,196.600,UNK - Unknown,Unknown,United States Geological Survey,Voluntary,,Imperial_06.21.2003-06.21.2013
327488N1160122W001,,10/24/2006,00:00,1 - Pumping,,,,,432.450,432.450,,,,,United States Geological Survey,Voluntary,,Imperial_06.21.2003-06.21.2013
327488N1160122W001,,3/22/2006,00:00,,,196.430,0.000,196.430,432.450,432.450,236.020,196.430,UNK - Unknown,Unknown,United States Geological Survey,Voluntary,,Imperial_06.21.2003-06.21.2013
327488N1160122W001,,10/28/2008,00:00,,,197.080,0.000,197.080,432.450,432.450,235.370,197.080,UNK - Unknown,Unknown,United States Geological Survey,Voluntary,,Imperial_06.21.2003-06.21.2013
327488N1160122W001,,3/30/2009,00:00,,4 - Pumped recently,197.150,0.000,197.150,432.450,432.450,235.300,197.150,UNK - Unknown,Unknown,United States Geological Survey,Voluntary,,Imperial_06.21.2003-06.21.2013
327488N1160122W001,,10/15/2009,00:00,,4 - Pumped recently,197.190,0.000,197.190,432.450,432.450,235.260,197.190,UNK - Unknown,Unknown,United States Geological Survey,Voluntary,,Imperial_06.21.2003-06.21.2013
327488N1160122W001,,3/24/2010,00:00,,,197.220,0.000,197.220,432.450,432.450,235.230,197.220,UNK - Unknown,Unknown,United States Geological Survey,Voluntary,,Imperial_06.21.2003-06.21.2013
327488N1160122W001,,10/27/2010,00:00,,4 - Pumped recently,197.300,0.000,197.300,432.450,432.450,235.150,197.300,UNK - Unknown,Unknown,United States Geological Survey,Voluntary,,Imperial_06.21.2003-06.21.2013
327496N1159525W001,,3/27/2008,00:00,,,27.310,0.000,27.310,252.420,252.420,225.110,27.310,UNK - Unknown,Unknown,United States Geological Survey,Voluntary,,Imperial_06.21.2003-06.21.2013
327496N1159525W001,,10/30/2007,00:00,,,27.340,0.000,27.340,252.420,252.420,225.080,27.340,UNK - Unknown,Unknown,United States Geological Survey,Voluntary,,Imperial_06.21.2003-06.21.2013
327496N1159525W001,,3/26/2007,00:00,,,27.320,0.000,27.320,252.420,252.420,225.100,27.320,UNK - Unknown,Unknown,United States Geological Survey,Voluntary,,Imperial_06.21.2003-06.21.2013
327496N1159525W001,,10/25/2005,00:00,,,27.260,0.000,27.260,252.420,252.420,225.160,27.260,UNK - Unknown,Unknown,United States Geological Survey,Voluntary,,Imperial_06.21.2003-06.21.2013
327496N1159525W001,,3/23/2005,00:00,,,27.120,0.000,27.120,252.420,252.420,225.300,27.120,UNK - Unknown,Unknown,United States Geological Survey,Voluntary,,Imperial_06.21.2003-06.21.2013
327496N1159525W001,,10/24/2006,00:00,,,27.100,0.000,27.100,252.420,252.420,225.320,27.100,UNK - Unknown,Unknown,United States Geological Survey,Voluntary,,Imperial_06.21.2003-06.21.2013
327496N1159525W001,,3/22/2006,00:00,,,27.170,0.000,27.170,252.420,252.420,225.250,27.170,UNK - Unknown,Unknown,United States Geological Survey,Voluntary,,Imperial_06.21.2003-06.21.2013
327496N1159525W001,,10/28/2008,00:00,,,27.340,0.000,27.340,252.420,252.420,225.080,27.340,UNK - Unknown,Unknown,United States Geological Survey,Voluntary,,Imperial_06.21.2003-06.21.2013
327496N1159525W001,,3/30/2009,00:00,,,27.350,0.000,27.350,252.420,252.420,225.070,27.350,UNK - Unknown,Unknown,United States Geological Survey,Voluntary,,Imperial_06.21.2003-06.21.2013
327496N1159525W001,,10/15/2009,00:00,,,26.980,0.000,26.980,252.420,252.420,225.440,26.980,UNK - Unknown,Unknown,United States Geological Survey,Voluntary,,Imperial_06.21.2003-06.21.2013
327496N1159525W001,,3/24/2010,00:00,,,27.000,0.000,27.000,252.420,252.420,225.420,27.000,UNK - Unknown,Unknown,United States Geological Survey,Voluntary,,Imperial_06.21.2003-06.21.2013
327496N1159525W001,,10/27/2010,00:00,,,27.350,0.000,27.350,252.420,252.420,225.070,27.350,UNK - Unknown,Unknown,United States Geological Survey,Voluntary,,Imperial_06.21.2003-06.21.2013
327502N1158241W001,,3/26/2007,00:00,,,100.000,0.000,100.000,102.420,102.420,2.420,100.000,UNK - Unknown,Unknown,United States Geological Survey,Voluntary,,Imperial_06.21.2003-06.21.2013
327502N1158241W001,,10/24/2006,00:00,,,99.890,0.000,99.890,102.420,102.420,2.530,99.890,UNK - Unknown,Unknown,United States Geological Survey,Voluntary,,Imperial_06.21.2003-06.21.2013
327502N1158241W001,,3/22/2006,00:00,,,100.180,0.000,100.180,102.420,102.420,2.240,100.180,UNK - Unknown,Unknown,United States Geological Survey,Voluntary,,Imperial_06.21.2003-06.21.2013
327502N1158241W001,,10/25/2005,00:00,,,100.120,0.000,100.120,102.420,102.420,2.300,100.120,UNK - Unknown,Unknown,United States Geological Survey,Voluntary,,Imperial_06.21.2003-06.21.2013
327502N1158241W001,,3/23/2005,00:00,,,99.720,0.000,99.720,102.420,102.420,2.700,99.720,UNK - Unknown,Unknown,United States Geological Survey,Voluntary,,Imperial_06.21.2003-06.21.2013
327502N1158241W001,,3/27/2008,00:00,,,99.970,0.000,99.970,102.420,102.420,2.450,99.970,UNK - Unknown,Unknown,United States Geological Survey,Voluntary,,Imperial_06.21.2003-06.21.2013
327502N1158241W001,,10/30/2007,00:00,,,99.800,0.000,99.800,102.420,102.420,2.620,99.800,UNK - Unknown,Unknown,United States Geological Survey,Voluntary,,Imperial_06.21.2003-06.21.2013
327502N1158241W001,,10/28/2008,00:00,,,100.090,0.000,100.090,102.420,102.420,2.330,100.090,UNK - Unknown,Unknown,United States Geological Survey,Voluntary,,Imperial_06.21.2003-06.21.2013
327502N1158241W001,,3/30/2009,00:00,,,100.060,0.000,100.060,102.420,102.420,2.360,100.060,UNK - Unknown,Unknown,United States Geological Survey,Voluntary,,Imperial_06.21.2003-06.21.2013
327502N1158241W001,,10/15/2009,00:00,,,100.090,0.000,100.090,102.420,102.420,2.330,100.090,UNK - Unknown,Unknown,United States Geological Survey,Voluntary,,Imperial_06.21.2003-06.21.2013
327502N1158241W001,,3/24/2010,00:00,,,100.160,0.000,100.160,102.420,102.420,2.260,100.160,UNK - Unknown,Unknown,United States Geological Survey,Voluntary,,Imperial_06.21.2003-06.21.2013
327502N1158241W001,,10/27/2010,00:00,,,100.640,0.000,100.640,102.420,102.420,1.780,100.640,UNK - Unknown,Unknown,United States Geological Survey,Voluntary,,Imperial_06.21.2003-06.21.2013
327529N1159505W001,,3/27/2008,00:00,,,29.730,0.000,29.730,252.420,252.420,222.690,29.730,UNK - Unknown,Unknown,United States Geological Survey,Voluntary,,Imperial_06.21.2003-06.21.2013
327529N1159505W001,,10/25/2005,00:00,,,29.380,0.000,29.380,252.420,252.420,223.040,29.380,UNK - Unknown,Unknown,United States Geological Survey,Voluntary,,Imperial_06.21.2003-06.21.2013
327529N1159505W001,,3/23/2005,00:00,,,29.280,0.000,29.280,252.420,252.420,223.140,29.280,UNK - Unknown,Unknown,United States Geological Survey,Voluntary,,Imperial_06.21.2003-06.21.2013
327529N1159505W001,,3/22/2006,00:00,,,29.470,0.000,29.470,252.420,252.420,222.950,29.470,UNK - Unknown,Unknown,United States Geological Survey,Voluntary,,Imperial_06.21.2003-06.21.2013
327529N1159505W001,,10/24/2006,00:00,,,29.620,0.000,29.620,252.420,252.420,222.800,29.620,UNK - Unknown,Unknown,United States Geological Survey,Voluntary,,Imperial_06.21.2003-06.21.2013
327529N1159505W001,,3/26/2007,00:00,,,29.570,0.000,29.570,252.420,252.420,222.850,29.570,UNK - Unknown,Unknown,United States Geological Survey,Voluntary,,Imperial_06.21.2003-06.21.2013
327529N1159505W001,,10/30/2007,00:00,,,29.720,0.000,29.720,252.420,252.420,222.700,29.720,UNK - Unknown,Unknown,United States Geological Survey,Voluntary,,Imperial_06.21.2003-06.21.2013
327529N1159505W001,,10/28/2008,00:00,,,29.760,0.000,29.760,252.420,252.420,222.660,29.760,UNK - Unknown,Unknown,United States Geological Survey,Voluntary,,Imperial_06.21.2003-06.21.2013
327529N1159505W001,,3/30/2009,00:00,,,29.740,0.000,29.740,252.420,252.420,222.680,29.740,UNK - Unknown,Unknown,United States Geological Survey,Voluntary,,Imperial_06.21.2003-06.21.2013
327529N1159505W001,,10/15/2009,00:00,,,29.460,0.000,29.460,252.420,252.420,222.960,29.460,UNK - Unknown,Unknown,United States Geological Survey,Voluntary,,Imperial_06.21.2003-06.21.2013
327529N1159505W001,,3/24/2010,00:00,,,30.120,0.000,30.120,252.420,252.420,222.300,30.120,UNK - Unknown,Unknown,United States Geological Survey,Voluntary,,Imperial_06.21.2003-06.21.2013
327529N1159505W001,,10/27/2010,00:00,,,30.290,0.000,30.290,252.420,252.420,222.130,30.290,UNK - Unknown,Unknown,United States Geological Survey,Voluntary,,Imperial_06.21.2003-06.21.2013
327663N1159994W001,,3/29/2005,00:00,,,108.550,0.000,108.550,384.460,384.460,275.910,108.550,UNK - Unknown,Unknown,United States Geological Survey,Voluntary,,Imperial_06.21.2003-06.21.2013
327663N1159994W001,,10/25/2005,00:00,,,108.740,0.000,108.740,384.460,384.460,275.720,108.740,UNK - Unknown,Unknown,United States Geological Survey,Voluntary,,Imperial_06.21.2003-06.21.2013
327663N1159994W001,,3/22/2006,00:00,,,108.700,0.000,108.700,384.460,384.460,275.760,108.700,UNK - Unknown,Unknown,United States Geological Survey,Voluntary,,Imperial_06.21.2003-06.21.2013
327663N1159994W001,,10/24/2006,00:00,,,108.750,0.000,108.750,384.460,384.460,275.710,108.750,UNK - Unknown,Unknown,United States Geological Survey,Voluntary,,Imperial_06.21.2003-06.21.2013
327663N1159994W001,,3/26/2007,00:00,,,108.870,0.000,108.870,384.460,384.460,275.590,108.870,UNK - Unknown,Unknown,United States Geological Survey,Voluntary,,Imperial_06.21.2003-06.21.2013
327663N1159994W001,,3/20/2008,00:00,,,109.110,0.000,109.110,384.460,384.460,275.350,109.110,UNK - Unknown,Unknown,United States Geological Survey,Voluntary,,Imperial_06.21.2003-06.21.2013
327663N1159994W001,,10/30/2007,00:00,,,108.980,0.000,108.980,384.460,384.460,275.480,108.980,UNK - Unknown,Unknown,United States Geological Survey,Voluntary,,Imperial_06.21.2003-06.21.2013
327663N1159994W001,,10/28/2008,00:00,,,109.160,0.000,109.160,384.460,384.460,275.300,109.160,UNK - Unknown,Unknown,United States Geological Survey,Voluntary,,Imperial_06.21.2003-06.21.2013
327663N1159994W001,,3/23/2009,00:00,,,109.290,0.000,109.290,384.460,384.460,275.170,109.290,UNK - Unknown,Unknown,United States Geological Survey,Voluntary,,Imperial_06.21.2003-06.21.2013
327663N1159994W001,,10/15/2009,00:00,,,109.210,0.000,109.210,384.460,384.460,275.250,109.210,UNK - Unknown,Unknown,United States Geological Survey,Voluntary,,Imperial_06.21.2003-06.21.2013
327663N1159994W001,,3/29/2010,00:00,,,109.370,0.000,109.370,384.460,384.460,275.090,109.370,UNK - Unknown,Unknown,United States Geological Survey,Voluntary,,Imperial_06.21.2003-06.21.2013
327663N1159994W001,,10/27/2010,00:00,,,109.400,0.000,109.400,384.460,384.460,275.060,109.400,UNK - Unknown,Unknown,United States Geological Survey,Voluntary,,Imperial_06.21.2003-06.21.2013
327691N1159947W001,,10/30/2007,00:00,,,109.350,0.000,109.350,387.460,387.460,278.110,109.350,UNK - Unknown,Unknown,United States Geological Survey,Voluntary,,Imperial_06.21.2003-06.21.2013
327691N1159947W001,,3/29/2005,00:00,,,108.990,0.000,108.990,387.460,387.460,278.470,108.990,UNK - Unknown,Unknown,United States Geological Survey,Voluntary,,Imperial_06.21.2003-06.21.2013
327691N1159947W001,,10/25/2005,00:00,,,109.100,0.000,109.100,387.460,387.460,278.360,109.100,UNK - Unknown,Unknown,United States Geological Survey,Voluntary,,Imperial_06.21.2003-06.21.2013
327691N1159947W001,,3/26/2007,00:00,,,109.210,0.000,109.210,387.460,387.460,278.250,109.210,UNK - Unknown,Unknown,United States Geological Survey,Voluntary,,Imperial_06.21.2003-06.21.2013
327691N1159947W001,,3/20/2008,00:00,,,109.450,0.000,109.450,387.460,387.460,278.010,109.450,UNK - Unknown,Unknown,United States Geological Survey,Voluntary,,Imperial_06.21.2003-06.21.2013
327691N1159947W001,,3/22/2006,00:00,,,109.080,0.000,109.080,387.460,387.460,278.380,109.080,UNK - Unknown,Unknown,United States Geological Survey,Voluntary,,Imperial_06.21.2003-06.21.2013
327691N1159947W001,,10/24/2006,00:00,,,109.150,0.000,109.150,387.460,387.460,278.310,109.150,UNK - Unknown,Unknown,United States Geological Survey,Voluntary,,Imperial_06.21.2003-06.21.2013
327691N1159947W001,,10/28/2008,00:00,,,109.490,0.000,109.490,387.460,387.460,277.970,109.490,UNK - Unknown,Unknown,United States Geological Survey,Voluntary,,Imperial_06.21.2003-06.21.2013
327691N1159947W001,,3/23/2009,00:00,,,109.580,0.000,109.580,387.460,387.460,277.880,109.580,UNK - Unknown,Unknown,United States Geological Survey,Voluntary,,Imperial_06.21.2003-06.21.2013
327691N1159947W001,,10/15/2009,00:00,,,109.550,0.000,109.550,387.460,387.460,277.910,109.550,UNK - Unknown,Unknown,United States Geological Survey,Voluntary,,Imperial_06.21.2003-06.21.2013
327691N1159947W001,,3/29/2010,00:00,,,109.650,0.000,109.650,387.460,387.460,277.810,109.650,UNK - Unknown,Unknown,United States Geological Survey,Voluntary,,Imperial_06.21.2003-06.21.2013
327691N1159947W001,,10/27/2010,00:00,,,109.740,0.000,109.740,387.460,387.460,277.720,109.740,UNK - Unknown,Unknown,United States Geological Survey,Voluntary,,Imperial_06.21.2003-06.21.2013
328540N1155661W001,,3/23/2005,00:00,,,8.830,0.000,8.830,-62.570,-62.570,-71.400,8.830,UNK - Unknown,Unknown,United States Geological Survey,Voluntary,,Imperial_06.21.2003-06.21.2013
328540N1155661W001,,3/22/2006,00:00,,,8.740,0.000,8.740,-62.570,-62.570,-71.310,8.740,UNK - Unknown,Unknown,United States Geological Survey,Voluntary,,Imperial_06.21.2003-06.21.2013
328540N1155661W001,,10/24/2006,00:00,,,8.470,0.000,8.470,-62.570,-62.570,-71.040,8.470,UNK - Unknown,Unknown,United States Geological Survey,Voluntary,,Imperial_06.21.2003-06.21.2013
328540N1155661W001,,3/27/2007,00:00,,,8.640,0.000,8.640,-62.570,-62.570,-71.210,8.640,UNK - Unknown,Unknown,United States Geological Survey,Voluntary,,Imperial_06.21.2003-06.21.2013
328540N1155661W001,,10/31/2007,00:00,,,8.350,0.000,8.350,-62.570,-62.570,-70.920,8.350,UNK - Unknown,Unknown,United States Geological Survey,Voluntary,,Imperial_06.21.2003-06.21.2013
328540N1155661W001,,3/27/2008,00:00,,,8.630,0.000,8.630,-62.570,-62.570,-71.200,8.630,UNK - Unknown,Unknown,United States Geological Survey,Voluntary,,Imperial_06.21.2003-06.21.2013
328540N1155661W001,,10/25/2005,00:00,,,8.400,0.000,8.400,-62.570,-62.570,-70.970,8.400,UNK - Unknown,Unknown,United States Geological Survey,Voluntary,,Imperial_06.21.2003-06.21.2013
328540N1155661W001,,10/28/2008,00:00,,,8.810,0.000,8.810,-62.570,-62.570,-71.380,8.810,UNK - Unknown,Unknown,United States Geological Survey,Voluntary,,Imperial_06.21.2003-06.21.2013
328540N1155661W001,,3/30/2009,00:00,,,8.940,0.000,8.940,-62.570,-62.570,-71.510,8.940,UNK - Unknown,Unknown,United States Geological Survey,Voluntary,,Imperial_06.21.2003-06.21.2013
328540N1155661W001,,10/15/2009,00:00,,,9.140,0.000,9.140,-62.570,-62.570,-71.710,9.140,UNK - Unknown,Unknown,United States Geological Survey,Voluntary,,Imperial_06.21.2003-06.21.2013
328540N1155661W001,,3/24/2010,00:00,,,9.200,0.000,9.200,-62.570,-62.570,-71.770,9.200,UNK - Unknown,Unknown,United States Geological Survey,Voluntary,,Imperial_06.21.2003-06.21.2013
328540N1155661W001,,10/27/2010,00:00,,,9.090,0.000,9.090,-62.570,-62.570,-71.660,9.090,UNK - Unknown,Unknown,United States Geological Survey,Voluntary,,Imperial_06.21.2003-06.21.2013
329985N1150757W001,,3/23/2006,00:00,4 - Can't get tape in casing,,,,,337.430,337.430,,,,,United States Geological Survey,Voluntary,,Imperial_06.21.2003-06.21.2013
329985N1150757W001,,10/26/2005,00:00,4 - Can't get tape in casing,,,,,337.430,337.430,,,,,United States Geological Survey,Voluntary,,Imperial_06.21.2003-06.21.2013
329985N1150757W001,,10/25/2006,00:00,4 - Can't get tape in casing,,,,,337.430,337.430,,,,,United States Geological Survey,Voluntary,,Imperial_06.21.2003-06.21.2013
329985N1150757W001,,3/27/2007,00:00,4 - Can't get tape in casing,,,,,337.430,337.430,,,,,United States Geological Survey,Voluntary,,Imperial_06.21.2003-06.21.2013
329985N1150757W001,,3/27/2008,00:00,4 - Can't get tape in casing,,,,,337.430,337.430,,,,,United States Geological Survey,Voluntary,,Imperial_06.21.2003-06.21.2013
329985N1150757W001,,3/24/2005,00:00,,,222.500,0.000,222.500,337.430,337.430,114.930,222.500,UNK - Unknown,Unknown,United States Geological Survey,Voluntary,,Imperial_06.21.2003-06.21.2013
331170N1160114W001,,2/14/2007,00:00,,,210.870,0.000,210.870,-12.760,-12.760,-223.630,210.870,UNK - Unknown,Unknown,United States Geological Survey,Voluntary,,Imperial_06.21.2003-06.21.2013
331170N1160114W001,,10/26/2005,00:00,,,212.070,0.000,212.070,-12.760,-12.760,-224.830,212.070,UNK - Unknown,Unknown,United States Geological Survey,Voluntary,,Imperial_06.21.2003-06.21.2013
331170N1160114W001,,3/24/2005,00:00,,,213.320,0.000,213.320,-12.760,-12.760,-226.080,213.320,UNK - Unknown,Unknown,United States Geological Survey,Voluntary,,Imperial_06.21.2003-06.21.2013
331170N1160114W001,,10/12/2007,00:00,,,210.990,0.000,210.990,-12.760,-12.760,-223.750,210.990,UNK - Unknown,Unknown,United States Geological Survey,Voluntary,,Imperial_06.21.2003-06.21.2013
331170N1160114W001,,3/27/2008,00:00,,,210.680,0.000,210.680,-12.760,-12.760,-223.440,210.680,UNK - Unknown,Unknown,United States Geological Survey,Voluntary,,Imperial_06.21.2003-06.21.2013
331170N1160114W001,,3/23/2006,00:00,,,212.870,0.000,212.870,-12.760,-12.760,-225.630,212.870,UNK - Unknown,Unknown,United States Geological Survey,Voluntary,,Imperial_06.21.2003-06.21.2013
331170N1160114W001,,10/25/2006,00:00,,,211.000,0.000,211.000,-12.760,-12.760,-223.760,211.000,UNK - Unknown,Unknown,United States Geological Survey,Voluntary,,Imperial_06.21.2003-06.21.2013
331170N1160114W001,,10/29/2008,00:00,,,211.520,0.000,211.520,-12.760,-12.760,-224.280,211.520,UNK - Unknown,Unknown,United States Geological Survey,Voluntary,,Imperial_06.21.2003-06.21.2013
331170N1160114W001,,3/31/2009,00:00,,,210.260,0.000,210.260,-12.760,-12.760,-223.020,210.260,UNK - Unknown,Unknown,United States Geological Survey,Voluntary,,Imperial_06.21.2003-06.21.2013
331170N1160114W001,,10/16/2009,00:00,,,209.850,0.000,209.850,-12.760,-12.760,-222.610,209.850,UNK - Unknown,Unknown,United States Geological Survey,Voluntary,,Imperial_06.21.2003-06.21.2013
331170N1160114W001,,3/25/2010,00:00,,,208.160,0.000,208.160,-12.760,-12.760,-220.920,208.160,UNK - Unknown,Unknown,United States Geological Survey,Voluntary,,Imperial_06.21.2003-06.21.2013
331170N1160114W001,,10/28/2010,00:00,,,205.280,0.000,205.280,-12.760,-12.760,-218.040,205.280,UNK - Unknown,Unknown,United States Geological Survey,Voluntary,,Imperial_06.21.2003-06.21.2013
331956N1153891W001,,10/31/2007,00:00,,,48.650,0.000,48.650,122.410,122.410,73.760,48.650,UNK - Unknown,Unknown,United States Geological Survey,Voluntary,,Imperial_06.21.2003-06.21.2013
331956N1153891W001,,3/24/2005,00:00,,,47.970,0.000,47.970,122.410,122.410,74.440,47.970,UNK - Unknown,Unknown,United States Geological Survey,Voluntary,,Imperial_06.21.2003-06.21.2013
331956N1153891W001,,10/26/2005,00:00,,,48.740,0.000,48.740,122.410,122.410,73.670,48.740,UNK - Unknown,Unknown,United States Geological Survey,Voluntary,,Imperial_06.21.2003-06.21.2013
331956N1153891W001,,3/23/2006,00:00,,,48.380,0.000,48.380,122.410,122.410,74.030,48.380,UNK - Unknown,Unknown,United States Geological Survey,Voluntary,,Imperial_06.21.2003-06.21.2013
331956N1153891W001,,3/27/2007,00:00,,,48.480,0.000,48.480,122.410,122.410,73.930,48.480,UNK - Unknown,Unknown,United States Geological Survey,Voluntary,,Imperial_06.21.2003-06.21.2013
331956N1153891W001,,3/27/2008,00:00,,,48.520,0.000,48.520,122.410,122.410,73.890,48.520,UNK - Unknown,Unknown,United States Geological Survey,Voluntary,,Imperial_06.21.2003-06.21.2013
331956N1153891W001,,10/25/2006,00:00,,,48.430,0.000,48.430,122.410,122.410,73.980,48.430,UNK - Unknown,Unknown,United States Geological Survey,Voluntary,,Imperial_06.21.2003-06.21.2013
331956N1153891W001,,10/29/2008,00:00,,,48.590,0.000,48.590,122.410,122.410,73.820,48.590,UNK - Unknown,Unknown,United States Geological Survey,Voluntary,,Imperial_06.21.2003-06.21.2013
331956N1153891W001,,3/31/2009,00:00,,,48.850,0.000,48.850,122.410,122.410,73.560,48.850,UNK - Unknown,Unknown,United States Geological Survey,Voluntary,,Imperial_06.21.2003-06.21.2013
331956N1153891W001,,10/16/2009,00:00,,,48.940,0.000,48.940,122.410,122.410,73.470,48.940,UNK - Unknown,Unknown,United States Geological Survey,Voluntary,,Imperial_06.21.2003-06.21.2013
331956N1153891W001,,3/25/2010,00:00,,,48.920,0.000,48.920,122.410,122.410,73.490,48.920,UNK - Unknown,Unknown,United States Geological Survey,Voluntary,,Imperial_06.21.2003-06.21.2013
331956N1153891W001,,10/28/2010,00:00,,,49.200,0.000,49.200,122.410,122.410,73.210,49.200,UNK - Unknown,Unknown,United States Geological Survey,Voluntary,,Imperial_06.21.2003-06.21.2013
332675N1149199W001,,10/26/2005,00:00,,,194.700,0.000,194.700,822.400,822.400,627.700,194.700,UNK - Unknown,Unknown,United States Geological Survey,Voluntary,,Imperial_06.21.2003-06.21.2013
332675N1149199W001,,3/23/2006,00:00,,,194.710,0.000,194.710,822.400,822.400,627.690,194.710,UNK - Unknown,Unknown,United States Geological Survey,Voluntary,,Imperial_06.21.2003-06.21.2013
332675N1149199W001,,10/25/2006,00:00,,,194.610,0.000,194.610,822.400,822.400,627.790,194.610,UNK - Unknown,Unknown,United States Geological Survey,Voluntary,,Imperial_06.21.2003-06.21.2013
332675N1149199W001,,3/27/2007,00:00,,,194.430,0.000,194.430,822.400,822.400,627.970,194.430,UNK - Unknown,Unknown,United States Geological Survey,Voluntary,,Imperial_06.21.2003-06.21.2013
332675N1149199W001,,3/28/2008,00:00,,,194.460,0.000,194.460,822.400,822.400,627.940,194.460,UNK - Unknown,Unknown,United States Geological Survey,Voluntary,,Imperial_06.21.2003-06.21.2013
332675N1149199W001,,10/31/2007,00:00,,,194.590,0.000,194.590,822.400,822.400,627.810,194.590,UNK - Unknown,Unknown,United States Geological Survey,Voluntary,,Imperial_06.21.2003-06.21.2013
332675N1149199W001,,3/24/2005,00:00,,,194.780,0.000,194.780,822.400,822.400,627.620,194.780,UNK - Unknown,Unknown,United States Geological Survey,Voluntary,,Imperial_06.21.2003-06.21.2013
332675N1149199W001,,10/29/2008,00:00,,,194.520,0.000,194.520,822.400,822.400,627.880,194.520,UNK - Unknown,Unknown,United States Geological Survey,Voluntary,,Imperial_06.21.2003-06.21.2013
332675N1149199W001,,3/31/2009,00:00,,,194.480,0.000,194.480,822.400,822.400,627.920,194.480,UNK - Unknown,Unknown,United States Geological Survey,Voluntary,,Imperial_06.21.2003-06.21.2013
332675N1149199W001,,10/16/2009,00:00,,,194.570,0.000,194.570,822.400,822.400,627.830,194.570,UNK - Unknown,Unknown,United States Geological Survey,Voluntary,,Imperial_06.21.2003-06.21.2013
332675N1149199W001,,3/25/2010,00:00,,,194.250,0.000,194.250,822.400,822.400,628.150,194.250,UNK - Unknown,Unknown,United States Geological Survey,Voluntary,,Imperial_06.21.2003-06.21.2013
332675N1149199W001,,10/28/2010,00:00,,,194.250,0.000,194.250,822.400,822.400,628.150,194.250,UNK - Unknown,Unknown,United States Geological Survey,Voluntary,,Imperial_06.21.2003-06.21.2013
332831N1148044W001,,10/25/2006,00:00,,,38.830,0.000,38.830,487.350,487.350,448.520,38.830,UNK - Unknown,Unknown,United States Geological Survey,Voluntary,,Imperial_06.21.2003-06.21.2013
332831N1148044W001,,3/23/2006,00:00,,,36.840,0.000,36.840,487.350,487.350,450.510,36.840,UNK - Unknown,Unknown,United States Geological Survey,Voluntary,,Imperial_06.21.2003-06.21.2013
332831N1148044W001,,10/26/2005,00:00,,,33.460,0.000,33.460,487.350,487.350,453.890,33.460,UNK - Unknown,Unknown,United States Geological Survey,Voluntary,,Imperial_06.21.2003-06.21.2013
332831N1148044W001,,3/27/2007,00:00,,,39.200,0.000,39.200,487.350,487.350,448.150,39.200,UNK - Unknown,Unknown,United States Geological Survey,Voluntary,,Imperial_06.21.2003-06.21.2013
332831N1148044W001,,10/31/2007,00:00,,,40.470,0.000,40.470,487.350,487.350,446.880,40.470,UNK - Unknown,Unknown,United States Geological Survey,Voluntary,,Imperial_06.21.2003-06.21.2013
332831N1148044W001,,3/28/2008,00:00,,,40.760,0.000,40.760,487.350,487.350,446.590,40.760,UNK - Unknown,Unknown,United States Geological Survey,Voluntary,,Imperial_06.21.2003-06.21.2013
332831N1148044W001,,3/24/2005,00:00,,,37.390,0.000,37.390,487.350,487.350,449.960,37.390,UNK - Unknown,Unknown,United States Geological Survey,Voluntary,,Imperial_06.21.2003-06.21.2013
332831N1148044W001,,10/29/2008,00:00,,,41.490,0.000,41.490,487.350,487.350,445.860,41.490,UNK - Unknown,Unknown,United States Geological Survey,Voluntary,,Imperial_06.21.2003-06.21.2013
332831N1148044W001,,3/31/2009,00:00,,,41.560,0.000,41.560,487.350,487.350,445.790,41.560,UNK - Unknown,Unknown,United States Geological Survey,Voluntary,,Imperial_06.21.2003-06.21.2013
332831N1148044W001,,10/16/2009,00:00,,,42.420,0.000,42.420,487.350,487.350,444.930,42.420,UNK - Unknown,Unknown,United States Geological Survey,Voluntary,,Imperial_06.21.2003-06.21.2013
332831N1148044W001,,3/25/2010,00:00,,,39.930,0.000,39.930,487.350,487.350,447.420,39.930,UNK - Unknown,Unknown,United States Geological Survey,Voluntary,,Imperial_06.21.2003-06.21.2013
332831N1148044W001,,10/28/2010,00:00,,,40.680,0.000,40.680,487.350,487.350,446.670,40.680,UNK - Unknown,Unknown,United States Geological Survey,Voluntary,,Imperial_06.21.2003-06.21.2013
333414N1149391W001,,5/24/2005,00:00,,6 - Other,340.720,0.000,340.720,740.760,740.760,400.040,340.720,UNK - Unknown,Unknown,United States Geological Survey,Voluntary,WATER LEVER WAS AFFECTED BY ATMOSPHERIC PRESSURE,Imperial_06.21.2003-06.21.2013
333775N1147385W001,,5/17/2006,00:00,,,16.780,0.000,16.780,236.720,236.720,219.940,16.780,UNK - Unknown,Unknown,United States Geological Survey,Voluntary,,Imperial_06.21.2003-06.21.2013
333775N1147385W001,,5/18/2006,00:00,,,16.760,0.000,16.760,236.720,236.720,219.960,16.760,UNK - Unknown,Unknown,United States Geological Survey,Voluntary,,Imperial_06.21.2003-06.21.2013
334170N1160508W001,,3/27/2008,00:00,,,145.790,0.000,145.790,-102.780,-102.780,-248.570,145.790,UNK - Unknown,Unknown,United States Geological Survey,Voluntary,,Imperial_06.21.2003-06.21.2013
334170N1160508W001,,3/24/2005,00:00,,,143.840,0.000,143.840,-102.780,-102.780,-246.620,143.840,UNK - Unknown,Unknown,United States Geological Survey,Voluntary,,Imperial_06.21.2003-06.21.2013
334170N1160508W001,,10/26/2005,00:00,,,144.170,0.000,144.170,-102.780,-102.780,-246.950,144.170,UNK - Unknown,Unknown,United States Geological Survey,Voluntary,,Imperial_06.21.2003-06.21.2013
334170N1160508W001,,3/23/2006,00:00,,,145.550,0.000,145.550,-102.780,-102.780,-248.330,145.550,UNK - Unknown,Unknown,United States Geological Survey,Voluntary,,Imperial_06.21.2003-06.21.2013
334170N1160508W001,,10/25/2006,00:00,,,145.840,0.000,145.840,-102.780,-102.780,-248.620,145.840,UNK - Unknown,Unknown,United States Geological Survey,Voluntary,,Imperial_06.21.2003-06.21.2013
334170N1160508W001,,2/14/2007,00:00,,,144.950,0.000,144.950,-102.780,-102.780,-247.730,144.950,UNK - Unknown,Unknown,United States Geological Survey,Voluntary,,Imperial_06.21.2003-06.21.2013
334170N1160508W001,,10/12/2007,00:00,,,145.330,0.000,145.330,-102.780,-102.780,-248.110,145.330,UNK - Unknown,Unknown,United States Geological Survey,Voluntary,,Imperial_06.21.2003-06.21.2013
334170N1160508W001,,10/29/2008,00:00,,,144.090,0.000,144.090,-102.780,-102.780,-246.870,144.090,UNK - Unknown,Unknown,United States Geological Survey,Voluntary,,Imperial_06.21.2003-06.21.2013
334170N1160508W001,,3/31/2009,00:00,,,144.570,0.000,144.570,-102.780,-102.780,-247.350,144.570,UNK - Unknown,Unknown,United States Geological Survey,Voluntary,,Imperial_06.21.2003-06.21.2013
334170N1160508W001,,10/16/2009,00:00,,,142.190,0.000,142.190,-102.780,-102.780,-244.970,142.190,UNK - Unknown,Unknown,United States Geological Survey,Voluntary,,Imperial_06.21.2003-06.21.2013
334170N1160508W001,,3/25/2010,00:00,,,142.970,0.000,142.970,-102.780,-102.780,-245.750,142.970,UNK - Unknown,Unknown,United States Geological Survey,Voluntary,,Imperial_06.21.2003-06.21.2013
334170N1160508W001,,10/28/2010,00:00,,,140.780,0.000,140.780,-102.780,-102.780,-243.560,140.780,UNK - Unknown,Unknown,United States Geological Survey,Voluntary,,Imperial_06.21.2003-06.21.2013
334192N1147417W001,,4/4/2006,00:00,,,13.390,0.000,13.390,236.520,236.520,223.130,13.390,UNK - Unknown,Unknown,United States Geological Survey,Voluntary,,Imperial_06.21.2003-06.21.2013
334192N1147417W001,,5/18/2006,00:00,,,13.260,0.000,13.260,236.520,236.520,223.260,13.260,UNK - Unknown,Unknown,United States Geological Survey,Voluntary,,Imperial_06.21.2003-06.21.2013
334192N1147417W001,,5/19/2006,00:00,,,13.230,0.000,13.230,236.520,236.520,223.290,13.230,UNK - Unknown,Unknown,United States Geological Survey,Voluntary,,Imperial_06.21.2003-06.21.2013
334192N1147417W001,,3/3/2006,00:00,,,13.230,0.000,13.230,236.520,236.520,223.290,13.230,UNK - Unknown,Unknown,United States Geological Survey,Voluntary,,Imperial_06.21.2003-06.21.2013
334192N1147417W001,,2/2/2006,00:00,,,13.460,0.000,13.460,236.520,236.520,223.060,13.460,UNK - Unknown,Unknown,United States Geological Survey,Voluntary,,Imperial_06.21.2003-06.21.2013
334192N1147417W001,,5/5/2006,00:00,,,13.230,0.000,13.230,236.520,236.520,223.290,13.230,UNK - Unknown,Unknown,United States Geological Survey,Voluntary,,Imperial_06.21.2003-06.21.2013
334192N1147417W001,,5/17/2006,00:00,,,13.270,0.000,13.270,236.520,236.520,223.250,13.270,UNK - Unknown,Unknown,United States Geological Survey,Voluntary,,Imperial_06.21.2003-06.21.2013
334192N1147417W001,,1/1/2006,00:00,,,13.340,0.000,13.340,236.520,236.520,223.180,13.340,UNK - Unknown,Unknown,United States Geological Survey,Voluntary,,Imperial_06.21.2003-06.21.2013
